{
"lengthUnit": "mil",
"components": {
	"fields": ["COMPONENT_NO", "COMPONENT_NAME", "LAYER", "X_COORDINATE", "Y_COORDINATE", "ANGLE"],
	"rows": [
		[1, "1", "T", 2275, -1190, 0],
		[2, "BT1", "T", 2115, -1745, 270],
		[3, "C1", "T", 3405, -930, 90],
		[4, "C2", "T", 3475, -1585, 0],
		[5, "C3", "T", 3490, -1230, 0],
		[6, "CN1", "T", 3002.6, -1800, 180],
		[7, "CN2", "T", 3000, -985, 0],
		[8, "FLASH", "T", 3405, -1890, 90],
		[9, "H1", "T", 3755, -1890, 180],
		[10, "SERVO", "T", 2505, -1630, 0],
		[11, "U2", "T", 3795, -1265, 270],
		[12, "U4", "T", 3910, -1265, 90],
		[13, "U5", "T", 3020, -1395, 90],
		[14, "U6", "T", 3610, -940, 90]
	]
},
"pins": {
	"fields": ["PIN_NO", "PIN_NAME", "PIN_X", "PIN_Y", "LAYER", "PIN_TYPE", "NET_NAME", "NET_TYPE", "PAD_SHAPE", "PAD_SIZEX", "PAD_SIZEY", "HOLE_SIZE", "PAD_ANGLE"],
	"rows": [
		[1, "1_1", 1890, -1430, "T", "DIP", "+BT", "", "C", 60, 60, 36, 0],
		[2, "1_1", 1890, -1430, "B", "DIP", "+BT", "", "C", 60, 60, 36, 0],
		[3, "1_1", 1890, -1330, "T", "DIP", "+BT", "", "C", 60, 60, 36, 0],
		[4, "1_1", 1890, -1330, "B", "DIP", "+BT", "", "C", 60, 60, 36, 0],
		[5, "1_2", 1890, -910, "T", "DIP", "GND", "GND", "C", 60, 60, 36, 0],
		[6, "1_2", 1890, -910, "B", "DIP", "GND", "GND", "C", 60, 60, 36, 0],
		[7, "1_2", 1890, -1010, "T", "DIP", "GND", "GND", "C", 60, 60, 36, 0],
		[8, "1_2", 1890, -1010, "B", "DIP", "GND", "GND", "C", 60, 60, 36, 0],
		[9, "1_3", 2620, -1330, "T", "DIP", "+5V", "", "C", 60, 60, 36, 0],
		[10, "1_3", 2620, -1330, "B", "DIP", "+5V", "", "C", 60, 60, 36, 0],
		[11, "1_3", 2620, -1430, "T", "DIP", "+5V", "", "C", 60, 60, 36, 0],
		[12, "1_3", 2620, -1430, "B", "DIP", "+5V", "", "C", 60, 60, 36, 0],
		[13, "1_4", 2620, -1010, "T", "DIP", "GND", "GND", "C", 60, 60, 36, 0],
		[14, "1_4", 2620, -1010, "B", "DIP", "GND", "GND", "C", 60, 60, 36, 0],
		[15, "1_4", 2620, -910, "T", "DIP", "GND", "GND", "C", 60, 60, 36, 0],
		[16, "1_4", 2620, -910, "B", "DIP", "GND", "GND", "C", 60, 60, 36, 0],
		[17, "BT1_1", 2115, -1645, "T", "DIP", "+BT", "", "C", 118.1, 118.1, 78.7, 270],
		[18, "BT1_1", 2115, -1645, "B", "DIP", "+BT", "", "C", 118.1, 118.1, 78.7, 270],
		[19, "BT1_2", 2115, -1845, "T", "DIP", "GND", "GND", "C", 118.1, 118.1, 78.7, 270],
		[20, "BT1_2", 2115, -1845, "B", "DIP", "GND", "GND", "C", 118.1, 118.1, 78.7, 270],
		[21, "C1_1", 3405, -959.53, "T", "DIP", "+5V", "", "C", 47.24, 47.24, 31.5, 180],
		[22, "C1_1", 3405, -959.53, "B", "DIP", "+5V", "", "C", 47.24, 47.24, 31.5, 180],
		[23, "C1_2", 3405, -900.47, "T", "DIP", "GND", "GND", "C", 47.24, 47.24, 31.5, 180],
		[24, "C1_2", 3405, -900.47, "B", "DIP", "GND", "GND", "C", 47.24, 47.24, 31.5, 180],
		[25, "C2_1", 3406.1, -1585, "T", "DIP", "+BT", "", "C", 62.99, 62.99, 39.37, 90],
		[26, "C2_1", 3406.1, -1585, "B", "DIP", "+BT", "", "C", 62.99, 62.99, 39.37, 90],
		[27, "C2_2", 3543.9, -1585, "T", "DIP", "GND", "GND", "C", 62.99, 62.99, 39.37, 90],
		[28, "C2_2", 3543.9, -1585, "B", "DIP", "GND", "GND", "C", 62.99, 62.99, 39.37, 90],
		[29, "C3_1", 3421.1, -1230, "T", "DIP", "+BT", "", "C", 62.99, 62.99, 39.37, 90],
		[30, "C3_1", 3421.1, -1230, "B", "DIP", "+BT", "", "C", 62.99, 62.99, 39.37, 90],
		[31, "C3_2", 3558.9, -1230, "T", "DIP", "GND", "GND", "C", 62.99, 62.99, 39.37, 90],
		[32, "C3_2", 3558.9, -1230, "B", "DIP", "GND", "GND", "C", 62.99, 62.99, 39.37, 90],
		[33, "CN1_1", 3101, -1800, "T", "DIP", "$1N1394", "", "C", 118.11, 118.11, 66.93, 180],
		[34, "CN1_1", 3101, -1800, "B", "DIP", "$1N1394", "", "C", 118.11, 118.11, 66.93, 180],
		[35, "CN1_2", 2904.2, -1800, "T", "DIP", "$1N1398", "", "C", 118.11, 118.11, 66.93, 180],
		[36, "CN1_2", 2904.2, -1800, "B", "DIP", "$1N1398", "", "C", 118.11, 118.11, 66.93, 180],
		[37, "CN2_1", 2901.6, -985, "T", "DIP", "$1N1404", "", "C", 118.11, 118.11, 66.93, 0],
		[38, "CN2_1", 2901.6, -985, "B", "DIP", "$1N1404", "", "C", 118.11, 118.11, 66.93, 0],
		[39, "CN2_2", 3098.4, -985, "T", "DIP", "$1N1418", "", "C", 118.11, 118.11, 66.93, 0],
		[40, "CN2_2", 3098.4, -985, "B", "DIP", "$1N1418", "", "C", 118.11, 118.11, 66.93, 0],
		[41, "FLASH_1", 3455, -1890, "T", "DIP", "IO0", "", "R", 70.9, 70.9, 47.2, 90],
		[42, "FLASH_1", 3455, -1890, "B", "DIP", "IO0", "", "R", 70.9, 70.9, 47.2, 90],
		[43, "FLASH_2", 3355, -1890, "T", "DIP", "GND", "GND", "C", 70.9, 70.9, 47.2, 90],
		[44, "FLASH_2", 3355, -1890, "B", "DIP", "GND", "GND", "C", 70.9, 70.9, 47.2, 90],
		[45, "H1_1", 3905, -1890, "T", "DIP", "3V3", "", "R", 66.93, 66.93, 43.31, 180],
		[46, "H1_1", 3905, -1890, "B", "DIP", "3V3", "", "R", 66.93, 66.93, 43.31, 180],
		[47, "H1_2", 3805, -1890, "T", "DIP", "TX", "", "C", 66.93, 66.93, 43.31, 180],
		[48, "H1_2", 3805, -1890, "B", "DIP", "TX", "", "C", 66.93, 66.93, 43.31, 180],
		[49, "H1_3", 3705, -1890, "T", "DIP", "RX", "", "C", 66.93, 66.93, 43.31, 180],
		[50, "H1_3", 3705, -1890, "B", "DIP", "RX", "", "C", 66.93, 66.93, 43.31, 180],
		[51, "H1_4", 3605, -1890, "T", "DIP", "GND", "GND", "C", 66.93, 66.93, 43.31, 180],
		[52, "H1_4", 3605, -1890, "B", "DIP", "GND", "GND", "C", 66.93, 66.93, 43.31, 180],
		[53, "SERVO_1", 2405, -1630, "T", "DIP", "SERVO", "", "R", 59.05, 59.05, 39.37, 0],
		[54, "SERVO_1", 2405, -1630, "B", "DIP", "SERVO", "", "R", 59.05, 59.05, 39.37, 0],
		[55, "SERVO_2", 2505, -1630, "T", "DIP", "+BT", "", "C", 59.05, 59.05, 39.37, 0],
		[56, "SERVO_2", 2505, -1630, "B", "DIP", "+BT", "", "C", 59.05, 59.05, 39.37, 0],
		[57, "SERVO_3", 2605, -1630, "T", "DIP", "GND", "GND", "C", 59.05, 59.05, 39.37, 0],
		[58, "SERVO_3", 2605, -1630, "B", "DIP", "GND", "GND", "C", 59.05, 59.05, 39.37, 0],
		[59, "U2_1", 3795, -915, "T", "DIP", "+5V", "", "R", 59.05, 59.05, 39.37, 270],
		[60, "U2_1", 3795, -915, "B", "DIP", "+5V", "", "R", 59.05, 59.05, 39.37, 270],
		[61, "U2_2", 3795, -1015, "T", "DIP", "GND", "GND", "C", 59.05, 59.05, 39.37, 270],
		[62, "U2_2", 3795, -1015, "B", "DIP", "GND", "GND", "C", 59.05, 59.05, 39.37, 270],
		[63, "U2_3", 3795, -1115, "T", "DIP", "M2B", "", "C", 59.05, 59.05, 39.37, 270],
		[64, "U2_3", 3795, -1115, "B", "DIP", "M2B", "", "C", 59.05, 59.05, 39.37, 270],
		[65, "U2_4", 3795, -1215, "T", "DIP", "M2A", "", "C", 59.05, 59.05, 39.37, 270],
		[66, "U2_4", 3795, -1215, "B", "DIP", "M2A", "", "C", 59.05, 59.05, 39.37, 270],
		[67, "U2_5", 3795, -1315, "T", "DIP", "M1B", "", "C", 59.05, 59.05, 39.37, 270],
		[68, "U2_5", 3795, -1315, "B", "DIP", "M1B", "", "C", 59.05, 59.05, 39.37, 270],
		[69, "U2_6", 3795, -1415, "T", "DIP", "M1A", "", "C", 59.05, 59.05, 39.37, 270],
		[70, "U2_6", 3795, -1415, "B", "DIP", "M1A", "", "C", 59.05, 59.05, 39.37, 270],
		[71, "U2_7", 3795, -1515, "T", "DIP", "SERVO", "", "C", 59.05, 59.05, 39.37, 270],
		[72, "U2_7", 3795, -1515, "B", "DIP", "SERVO", "", "C", 59.05, 59.05, 39.37, 270],
		[73, "U2_8", 3795, -1615, "T", "DIP", "$1N1822", "", "C", 59.05, 59.05, 39.37, 270],
		[74, "U2_8", 3795, -1615, "B", "DIP", "$1N1822", "", "C", 59.05, 59.05, 39.37, 270],
		[75, "U4_1", 3910, -1615, "T", "DIP", "$1N1759", "", "R", 59.05, 59.05, 39.37, 90],
		[76, "U4_1", 3910, -1615, "B", "DIP", "$1N1759", "", "R", 59.05, 59.05, 39.37, 90],
		[77, "U4_2", 3910, -1515, "T", "DIP", "TX", "", "C", 59.05, 59.05, 39.37, 90],
		[78, "U4_2", 3910, -1515, "B", "DIP", "TX", "", "C", 59.05, 59.05, 39.37, 90],
		[79, "U4_3", 3910, -1415, "T", "DIP", "RX", "", "C", 59.05, 59.05, 39.37, 90],
		[80, "U4_3", 3910, -1415, "B", "DIP", "RX", "", "C", 59.05, 59.05, 39.37, 90],
		[81, "U4_4", 3910, -1315, "T", "DIP", "$1N1755", "", "C", 59.05, 59.05, 39.37, 90],
		[82, "U4_4", 3910, -1315, "B", "DIP", "$1N1755", "", "C", 59.05, 59.05, 39.37, 90],
		[83, "U4_5", 3910, -1215, "T", "DIP", "$1N1747", "", "C", 59.05, 59.05, 39.37, 90],
		[84, "U4_5", 3910, -1215, "B", "DIP", "$1N1747", "", "C", 59.05, 59.05, 39.37, 90],
		[85, "U4_6", 3910, -1115, "T", "DIP", "IO0", "", "C", 59.05, 59.05, 39.37, 90],
		[86, "U4_6", 3910, -1115, "B", "DIP", "IO0", "", "C", 59.05, 59.05, 39.37, 90],
		[87, "U4_7", 3910, -1015, "T", "DIP", "$1N1743", "", "C", 59.05, 59.05, 39.37, 90],
		[88, "U4_7", 3910, -1015, "B", "DIP", "$1N1743", "", "C", 59.05, 59.05, 39.37, 90],
		[89, "U4_8", 3910, -915, "T", "DIP", "3V3", "", "C", 59.05, 59.05, 39.37, 90],
		[90, "U4_8", 3910, -915, "B", "DIP", "3V3", "", "C", 59.05, 59.05, 39.37, 90],
		[91, "U5_1", 3127.7, -1570, "T", "SMD", "+5V", "", "O", 23.7, 77.6, 0, 90],
		[92, "U5_2", 3127.7, -1520, "T", "SMD", "M1A", "", "O", 23.7, 77.6, 0, 90],
		[93, "U5_3", 3127.7, -1470, "T", "SMD", "M1B", "", "O", 23.7, 77.6, 0, 90],
		[94, "U5_4", 3127.7, -1420, "T", "SMD", "+BT", "", "O", 23.7, 77.6, 0, 90],
		[95, "U5_5", 3127.7, -1370, "T", "SMD", "+5V", "", "O", 23.7, 77.6, 0, 90],
		[96, "U5_6", 3127.7, -1320, "T", "SMD", "M2A", "", "O", 23.7, 77.6, 0, 90],
		[97, "U5_7", 3127.7, -1270, "T", "SMD", "M2B", "", "O", 23.7, 77.6, 0, 90],
		[98, "U5_8", 3127.7, -1220, "T", "SMD", "+BT", "", "O", 23.7, 77.6, 0, 90],
		[99, "U5_9", 2912.3, -1220, "T", "SMD", "$1N1418", "", "O", 23.7, 77.6, 0, 90],
		[100, "U5_10", 2912.3, -1270, "T", "SMD", "GND", "GND", "O", 23.7, 77.6, 0, 90],
		[101, "U5_11", 2912.3, -1320, "T", "SMD", "GND", "GND", "O", 23.7, 77.6, 0, 90],
		[102, "U5_12", 2912.3, -1370, "T", "SMD", "$1N1404", "", "O", 23.7, 77.6, 0, 90],
		[103, "U5_13", 2912.3, -1420, "T", "SMD", "$1N1398", "", "O", 23.7, 77.6, 0, 90],
		[104, "U5_14", 2912.3, -1470, "T", "SMD", "GND", "GND", "O", 23.7, 77.6, 0, 90],
		[105, "U5_15", 2912.3, -1520, "T", "SMD", "GND", "GND", "O", 23.7, 77.6, 0, 90],
		[106, "U5_16", 2912.3, -1570, "T", "SMD", "$1N1394", "", "O", 23.7, 77.6, 0, 90],
		[107, "U6_1", 3569.64, -1038.42, "T", "DIP", "GND", "GND", "C", 47.24, 47.24, 23.62, 90],
		[108, "U6_1", 3569.64, -1038.42, "B", "DIP", "GND", "GND", "C", 47.24, 47.24, 23.62, 90],
		[109, "U6_2", 3650.36, -841.58, "T", "DIP", "+5V", "", "C", 47.24, 47.24, 23.62, 90],
		[110, "U6_2", 3650.36, -841.58, "B", "DIP", "+5V", "", "C", 47.24, 47.24, 23.62, 90]
	]
}
}